soil,temp,humidity,crop type,growth stage,water,duration
76,30,38,chilli,fruiting,0,0
52,29,61,carrot,flowering,0,0
35,26,56,carrot,vegetative,1,9
83,38,41,carrot,flowering,0,0
23,24,33,carrot,germination,1,23
14,40,39,chilli,germination,1,29
49,25,87,carrot,germination,0,0
27,32,90,chilli,fruiting,1,15
30,40,35,carrot,germination,1,14
24,36,30,carrot,germination,1,21
21,33,50,chilli,vegetative,1,17
20,27,39,chilli,flowering,1,15
34,31,62,carrot,flowering,1,11
20,25,39,chilli,germination,1,15
77,23,69,chilli,flowering,0,0
58,33,84,carrot,fruiting,1,8
17,34,61,chilli,flowering,1,15
84,25,26,chilli,flowering,0,0
89,24,60,carrot,germination,0,0
89,24,78,carrot,fruiting,0,0
72,36,73,chilli,fruiting,0,0
9,28,55,chilli,flowering,1,17
71,24,26,carrot,germination,0,0
44,22,74,chilli,germination,1,12
60,38,52,carrot,flowering,0,0
26,36,36,chilli,vegetative,1,12
54,20,24,chilli,vegetative,0,0
36,28,80,chilli,germination,1,13
50,31,76,chilli,fruiting,0,0
30,38,77,carrot,flowering,1,11
86,38,34,chilli,fruiting,0,0
14,35,75,carrot,flowering,1,23
38,34,35,carrot,fruiting,1,13
9,22,70,chilli,vegetative,1,22
20,34,55,carrot,germination,1,19
41,36,46,carrot,fruiting,1,15
13,32,87,chilli,fruiting,1,25
44,30,32,carrot,fruiting,1,8
6,32,31,carrot,vegetative,1,25
24,29,63,chilli,germination,1,19
20,37,49,carrot,vegetative,1,24
42,31,78,chilli,flowering,1,11
40,29,64,carrot,flowering,1,15
21,33,39,carrot,germination,1,19
69,36,62,carrot,fruiting,0,0
76,25,53,carrot,fruiting,0,0
16,25,88,chilli,flowering,1,18
22,32,45,chilli,flowering,1,17
14,22,90,chilli,germination,1,21
40,21,90,carrot,flowering,1,9
10,38,76,chilli,germination,1,28
79,31,61,chilli,flowering,0,0
53,26,78,chilli,vegetative,0,0
83,39,28,chilli,germination,0,0
62,26,59,chilli,vegetative,0,0
38,28,44,chilli,flowering,1,13
15,38,78,carrot,fruiting,1,19
76,31,82,chilli,germination,0,0
25,24,67,carrot,flowering,1,11
90,33,88,chilli,vegetative,0,0
6,40,58,carrot,flowering,1,24
85,31,76,carrot,germination,0,0
33,30,45,chilli,fruiting,1,8
18,26,41,chilli,germination,1,19
17,23,34,carrot,germination,1,16
35,37,36,chilli,fruiting,1,12
37,22,64,chilli,vegetative,1,12
49,23,89,chilli,vegetative,0,0
5,38,54,carrot,germination,1,18
89,22,87,chilli,germination,0,0
8,23,70,chilli,fruiting,1,17
58,32,46,carrot,flowering,0,0
7,32,22,carrot,vegetative,1,17
49,28,44,carrot,flowering,1,6
49,24,62,carrot,flowering,0,0
37,35,83,chilli,vegetative,1,11
49,22,62,carrot,flowering,1,7
61,36,28,chilli,vegetative,0,0
80,25,67,chilli,fruiting,0,0
37,20,77,carrot,vegetative,1,13
76,29,77,carrot,fruiting,0,0
72,40,62,carrot,fruiting,0,0
55,23,64,chilli,flowering,0,0
12,38,75,chilli,germination,1,26
87,27,44,chilli,flowering,0,0
34,22,37,chilli,germination,1,12
29,30,44,chilli,vegetative,1,8
32,20,54,chilli,fruiting,1,14
68,30,60,chilli,vegetative,0,0
80,20,30,chilli,vegetative,0,0
88,40,74,carrot,flowering,0,0
29,25,79,carrot,germination,1,8
54,25,36,carrot,germination,1,6
85,30,49,carrot,flowering,0,0
30,38,54,chilli,vegetative,1,12
43,32,49,carrot,vegetative,1,10
6,30,66,carrot,flowering,1,18
90,32,43,carrot,flowering,0,0
34,36,63,chilli,fruiting,1,15
14,33,68,chilli,flowering,1,23
41,34,37,chilli,flowering,1,8
8,30,35,chilli,germination,1,15
7,36,27,chilli,fruiting,1,27
88,28,27,carrot,vegetative,0,0
78,34,24,chilli,fruiting,0,0
44,35,83,chilli,fruiting,1,15
40,31,60,carrot,vegetative,1,10
7,34,65,chilli,vegetative,1,17
81,23,82,carrot,flowering,0,0
85,22,68,chilli,flowering,0,0
26,30,37,carrot,vegetative,1,12
8,39,87,chilli,vegetative,1,19
15,38,81,carrot,flowering,1,19
16,36,46,carrot,vegetative,1,27
48,21,25,carrot,flowering,0,0
63,32,88,carrot,vegetative,0,0
41,22,63,carrot,flowering,1,9
24,39,54,chilli,vegetative,1,25
67,38,75,chilli,flowering,0,0
31,31,89,chilli,germination,1,10
55,36,23,chilli,flowering,1,11
45,34,30,carrot,fruiting,0,0
66,22,56,chilli,flowering,0,0
15,37,86,chilli,vegetative,1,26
57,39,90,chilli,vegetative,1,5
38,20,34,carrot,flowering,1,8
54,30,79,chilli,fruiting,1,4
43,24,31,chilli,flowering,1,13
16,28,66,chilli,vegetative,1,21
32,26,30,chilli,germination,1,13
87,38,79,carrot,vegetative,0,0
36,37,22,carrot,flowering,1,14
37,29,47,chilli,germination,1,11
44,37,27,carrot,vegetative,1,13
64,32,81,chilli,germination,0,0
66,20,64,carrot,fruiting,0,0
57,37,61,carrot,flowering,1,10
79,35,70,carrot,fruiting,0,0
6,36,77,carrot,vegetative,1,23
29,25,51,carrot,germination,1,15
54,40,74,chilli,germination,0,0
41,25,27,chilli,germination,1,13
76,23,46,chilli,vegetative,0,0
17,20,59,carrot,flowering,1,16
52,38,85,chilli,flowering,0,0
10,35,27,chilli,fruiting,1,23
77,31,62,carrot,germination,0,0
85,31,22,chilli,flowering,0,0
39,39,38,carrot,flowering,1,19
86,26,41,carrot,fruiting,0,0
47,22,67,chilli,flowering,0,0
62,20,42,chilli,germination,0,0
80,40,20,carrot,flowering,0,0
12,30,77,chilli,vegetative,1,17
62,22,44,chilli,germination,0,0
68,37,31,chilli,fruiting,0,0
58,28,60,carrot,flowering,0,0
50,25,32,carrot,germination,0,0
7,40,68,chilli,vegetative,1,19
65,31,56,carrot,fruiting,0,0
14,35,72,chilli,flowering,1,18
70,24,88,carrot,flowering,0,0
37,38,32,chilli,flowering,1,19
90,31,89,chilli,vegetative,0,0
46,24,54,carrot,fruiting,1,3
81,38,29,carrot,vegetative,0,0
27,39,49,carrot,fruiting,1,11
24,30,87,carrot,germination,1,23
47,23,84,chilli,flowering,1,3
16,28,80,carrot,germination,1,24
19,22,54,carrot,fruiting,1,25
19,32,39,chilli,germination,1,25
46,38,22,chilli,flowering,1,9
49,40,25,carrot,flowering,0,0
8,23,43,carrot,flowering,1,25
79,26,73,chilli,flowering,0,0
49,31,60,chilli,vegetative,1,8
65,20,22,chilli,germination,0,0
40,31,78,carrot,flowering,1,10
80,38,40,carrot,vegetative,0,0
72,24,29,carrot,flowering,0,0
41,39,71,carrot,vegetative,1,14
22,23,79,carrot,germination,1,19
39,40,33,carrot,fruiting,1,16
9,27,84,carrot,vegetative,1,25
18,27,89,carrot,fruiting,1,18
53,40,83,chilli,vegetative,0,0
38,34,55,carrot,fruiting,1,10
30,39,67,chilli,fruiting,1,20
9,35,31,carrot,fruiting,1,16
71,32,77,carrot,fruiting,0,0
20,27,38,chilli,vegetative,1,23
40,26,57,carrot,flowering,1,11
47,34,60,chilli,germination,1,7
51,38,39,carrot,flowering,1,11
38,33,84,chilli,vegetative,1,15
80,27,75,carrot,germination,0,0
37,26,53,chilli,flowering,1,13
72,24,63,carrot,fruiting,0,0
28,25,54,chilli,flowering,1,10
71,35,78,carrot,germination,0,0
16,38,76,carrot,flowering,1,21
63,23,50,chilli,germination,0,0
32,35,34,chilli,vegetative,1,9
43,21,55,chilli,vegetative,1,11
27,23,81,carrot,fruiting,1,10
88,28,83,carrot,germination,0,0
18,40,41,chilli,vegetative,1,24
88,34,66,chilli,germination,0,0
76,39,74,chilli,vegetative,0,0
65,36,42,chilli,germination,0,0
47,27,51,carrot,germination,1,6
89,32,74,carrot,vegetative,0,0
53,37,24,chilli,fruiting,1,13
61,34,63,chilli,fruiting,0,0
87,28,40,carrot,flowering,0,0
27,27,84,chilli,flowering,1,13
17,30,72,carrot,germination,1,21
81,36,29,chilli,flowering,0,0
88,39,56,chilli,flowering,0,0
38,28,45,chilli,fruiting,1,8
57,32,22,chilli,flowering,0,0
77,31,33,chilli,fruiting,0,0
50,21,31,carrot,flowering,0,0
36,26,38,chilli,flowering,1,13
24,34,39,carrot,fruiting,1,23
60,33,29,carrot,flowering,0,0
87,38,22,chilli,flowering,0,0
33,28,41,carrot,fruiting,1,8
44,20,24,chilli,germination,1,15
84,30,52,chilli,germination,0,0
73,32,82,chilli,fruiting,0,0
73,26,77,carrot,vegetative,0,0
29,29,39,carrot,flowering,1,15
14,29,71,carrot,germination,1,23
59,36,76,chilli,germination,1,11
76,28,53,chilli,flowering,0,0
13,31,67,carrot,vegetative,1,15
44,22,40,chilli,germination,1,13
88,26,33,chilli,flowering,0,0
34,32,60,carrot,flowering,1,9
87,40,49,chilli,flowering,0,0
77,32,34,carrot,flowering,0,0
65,29,38,chilli,germination,0,0
49,25,75,carrot,germination,1,3
23,37,80,carrot,vegetative,1,24
9,31,63,chilli,fruiting,1,22
58,36,71,chilli,fruiting,1,9
27,32,22,chilli,fruiting,1,12
25,24,34,carrot,vegetative,1,11
17,27,86,carrot,fruiting,1,25
51,29,59,carrot,fruiting,1,4
20,37,77,chilli,flowering,1,23
21,32,72,chilli,flowering,1,23
36,21,84,chilli,flowering,1,15
85,37,40,carrot,flowering,0,0
74,24,49,carrot,germination,0,0
62,24,85,carrot,vegetative,0,0
79,21,53,chilli,vegetative,0,0
17,37,31,carrot,vegetative,1,26
8,39,21,chilli,vegetative,1,19
63,21,33,carrot,vegetative,0,0
82,40,89,chilli,germination,0,0
75,33,62,carrot,vegetative,0,0
39,39,65,chilli,germination,1,17
54,28,43,chilli,flowering,1,6
32,20,77,carrot,vegetative,1,11
11,30,29,carrot,vegetative,1,23
50,40,34,carrot,fruiting,1,6
41,21,56,chilli,vegetative,1,15
76,29,76,carrot,germination,0,0
76,22,64,chilli,vegetative,0,0
65,38,43,carrot,germination,0,0
73,36,76,carrot,germination,0,0
49,37,63,carrot,fruiting,0,0
22,26,29,chilli,fruiting,1,20
54,38,29,carrot,flowering,1,8
51,22,83,carrot,vegetative,0,0
34,36,28,chilli,fruiting,1,18
13,23,32,chilli,vegetative,1,18
62,40,27,carrot,germination,0,0
55,21,38,carrot,flowering,0,0
32,33,88,carrot,vegetative,1,11
80,32,28,carrot,fruiting,0,0
88,22,29,chilli,vegetative,0,0
44,24,63,chilli,germination,1,11
34,33,59,chilli,flowering,1,8
81,35,27,carrot,germination,0,0
26,37,40,carrot,vegetative,1,13
36,34,47,chilli,fruiting,1,9
39,29,71,chilli,vegetative,1,11
24,35,76,chilli,fruiting,1,24
39,23,66,chilli,flowering,1,14
77,40,35,chilli,fruiting,0,0
13,29,45,chilli,flowering,1,25
22,35,88,chilli,germination,1,16
36,21,50,chilli,germination,1,10
27,24,60,carrot,flowering,1,8
56,38,24,chilli,germination,1,9
20,22,79,carrot,fruiting,1,20
85,36,36,chilli,flowering,0,0
65,26,72,chilli,germination,0,0
82,20,55,carrot,flowering,0,0
87,24,65,chilli,fruiting,0,0
16,31,66,chilli,flowering,1,22
42,39,39,carrot,vegetative,1,15
59,26,41,chilli,vegetative,1,8
68,29,54,carrot,fruiting,0,0
29,40,31,chilli,vegetative,1,18
59,23,70,chilli,germination,1,3
68,34,88,carrot,flowering,0,0
25,25,78,chilli,flowering,1,8
24,29,78,chilli,vegetative,1,24
58,39,61,carrot,germination,1,10
62,36,26,chilli,fruiting,0,0
37,40,22,chilli,vegetative,1,14
20,22,38,chilli,flowering,1,21
10,21,78,carrot,germination,1,15
16,35,52,chilli,fruiting,1,15
19,38,85,carrot,germination,1,27
14,20,67,carrot,fruiting,1,16
58,29,46,carrot,fruiting,1,5
27,24,46,carrot,fruiting,1,13
20,40,21,carrot,vegetative,1,23
46,32,90,carrot,germination,0,0
48,24,30,chilli,vegetative,1,8
40,31,50,chilli,germination,1,10
89,30,60,carrot,vegetative,0,0
80,31,59,chilli,fruiting,0,0
36,27,75,chilli,fruiting,1,9
27,33,86,chilli,flowering,1,13
27,22,79,chilli,fruiting,1,14
73,27,72,chilli,flowering,0,0
78,27,54,chilli,vegetative,0,0
55,35,69,chilli,flowering,0,0
29,23,86,carrot,germination,1,12
71,23,54,chilli,vegetative,0,0
53,38,89,carrot,germination,1,10
30,28,67,chilli,flowering,1,13
60,39,50,carrot,vegetative,0,0
74,26,69,carrot,flowering,0,0
12,32,54,carrot,fruiting,1,18
66,37,87,chilli,fruiting,0,0
56,26,78,chilli,fruiting,1,7
40,24,78,chilli,flowering,1,11
77,24,64,chilli,germination,0,0
7,35,55,chilli,fruiting,1,25
29,36,56,chilli,vegetative,1,11
33,40,33,carrot,germination,1,15
86,40,67,carrot,germination,0,0
71,40,43,carrot,fruiting,0,0
70,25,47,carrot,vegetative,0,0
21,38,28,carrot,fruiting,1,22
65,20,26,carrot,vegetative,0,0
86,21,39,chilli,germination,0,0
68,33,69,carrot,fruiting,0,0
26,38,89,chilli,germination,1,15
64,20,85,chilli,flowering,0,0
65,27,21,chilli,germination,0,0
50,27,78,chilli,vegetative,0,0
74,20,57,chilli,fruiting,0,0
81,32,26,chilli,vegetative,0,0
71,31,33,chilli,germination,0,0
78,35,32,chilli,fruiting,0,0
76,29,40,chilli,vegetative,0,0
31,30,25,chilli,vegetative,1,10
71,30,71,carrot,germination,0,0
15,21,27,carrot,germination,1,23
70,32,64,carrot,germination,0,0
21,34,32,carrot,germination,1,21
49,21,80,chilli,vegetative,0,0
54,22,47,chilli,fruiting,0,0
19,32,82,carrot,vegetative,1,25
89,30,70,carrot,germination,0,0
6,33,27,chilli,flowering,1,20
31,22,60,carrot,fruiting,1,9
18,26,48,chilli,vegetative,1,18
88,34,45,carrot,fruiting,0,0
87,28,69,chilli,vegetative,0,0
19,33,71,chilli,fruiting,1,23
76,28,36,chilli,germination,0,0
73,27,82,carrot,flowering,0,0
39,34,89,chilli,fruiting,1,11
58,28,76,chilli,flowering,1,5
39,30,77,chilli,vegetative,1,10
77,37,50,carrot,germination,0,0
41,27,81,carrot,vegetative,1,12
73,25,90,carrot,vegetative,0,0
57,23,89,carrot,fruiting,0,0
82,32,23,carrot,vegetative,0,0
74,38,58,carrot,germination,0,0
8,32,53,chilli,flowering,1,19
53,37,74,chilli,vegetative,1,10
12,24,46,carrot,flowering,1,25
6,38,81,chilli,fruiting,1,26
73,21,78,chilli,flowering,0,0
80,22,90,carrot,vegetative,0,0
81,36,68,chilli,germination,0,0
58,20,28,carrot,germination,1,4
76,27,90,chilli,vegetative,0,0
42,36,85,carrot,germination,1,18
7,29,66,carrot,vegetative,1,25
29,23,32,carrot,flowering,1,9
18,39,74,chilli,germination,1,23
17,39,24,chilli,germination,1,23
30,39,69,carrot,germination,1,12
61,21,47,chilli,vegetative,0,0
83,27,81,carrot,germination,0,0
53,20,64,carrot,flowering,0,0
87,23,29,chilli,vegetative,0,0
67,22,84,carrot,flowering,0,0
12,29,71,chilli,germination,1,16
30,34,27,chilli,fruiting,1,12
15,27,28,chilli,fruiting,1,24
44,36,75,chilli,fruiting,1,15
11,27,83,carrot,vegetative,1,23
8,34,57,chilli,germination,1,23
67,20,84,chilli,fruiting,0,0
61,34,73,carrot,fruiting,0,0
25,37,64,chilli,fruiting,1,12
76,26,50,chilli,flowering,0,0
84,28,61,chilli,germination,0,0
26,36,45,carrot,fruiting,1,16
34,26,21,carrot,germination,1,14
10,32,90,chilli,vegetative,1,19
54,33,50,carrot,germination,1,8
48,27,71,carrot,fruiting,0,0
36,28,37,carrot,germination,1,12
72,34,77,carrot,vegetative,0,0
34,20,21,chilli,germination,1,12
62,31,37,carrot,flowering,0,0
75,28,51,carrot,fruiting,0,0
75,40,38,carrot,fruiting,0,0
42,23,81,chilli,fruiting,1,9
8,32,86,carrot,vegetative,1,18
40,30,61,carrot,vegetative,1,14
11,24,37,chilli,germination,1,15
9,33,82,carrot,germination,1,17
69,31,87,chilli,flowering,0,0
88,24,27,chilli,vegetative,0,0
18,36,68,carrot,fruiting,1,24
26,35,72,chilli,fruiting,1,13
6,24,30,chilli,vegetative,1,17
82,25,76,chilli,fruiting,0,0
63,24,35,chilli,flowering,0,0
41,29,86,chilli,germination,1,13
15,27,61,carrot,germination,1,25
35,24,30,carrot,fruiting,1,10
57,30,42,chilli,fruiting,1,7
16,29,83,carrot,flowering,1,17
86,22,77,carrot,germination,0,0
18,34,28,chilli,fruiting,1,23
45,37,65,chilli,flowering,1,9
46,23,36,carrot,fruiting,1,7
73,20,57,chilli,flowering,0,0
18,38,61,chilli,vegetative,1,23
42,35,28,carrot,vegetative,1,14
58,29,66,carrot,flowering,1,8
80,28,73,carrot,flowering,0,0
71,25,78,carrot,germination,0,0
85,38,27,carrot,vegetative,0,0
7,26,89,chilli,flowering,1,21
26,38,24,chilli,vegetative,1,17
87,30,67,carrot,germination,0,0
89,34,31,carrot,fruiting,0,0
34,30,71,chilli,fruiting,1,11
73,37,48,chilli,germination,0,0
15,35,33,chilli,germination,1,25
51,31,66,carrot,vegetative,0,0
57,20,41,chilli,germination,0,0
73,28,52,carrot,fruiting,0,0
33,23,56,carrot,germination,1,10
16,38,79,carrot,fruiting,1,28
90,35,34,chilli,vegetative,0,0
38,40,63,chilli,fruiting,1,12
70,26,83,carrot,flowering,0,0
47,30,46,carrot,fruiting,1,3
78,30,70,carrot,fruiting,0,0
59,23,21,chilli,fruiting,0,0
86,28,25,carrot,fruiting,0,0
88,29,43,chilli,fruiting,0,0
23,37,53,chilli,fruiting,1,22
9,33,41,chilli,vegetative,1,19
74,29,62,chilli,fruiting,0,0
64,20,61,carrot,germination,0,0
51,35,84,chilli,fruiting,0,0
63,30,22,chilli,germination,0,0
55,37,47,chilli,fruiting,0,0
43,32,81,carrot,flowering,1,12
66,30,43,carrot,fruiting,0,0
58,33,29,chilli,flowering,1,5
14,30,89,chilli,fruiting,1,17
86,33,63,carrot,germination,0,0
54,22,80,carrot,germination,0,0
12,38,66,carrot,flowering,1,27
22,38,22,carrot,fruiting,1,18
31,27,70,carrot,fruiting,1,14
54,39,36,carrot,germination,1,10
60,23,42,chilli,fruiting,0,0
45,33,39,carrot,flowering,0,0
67,23,60,carrot,flowering,0,0
59,20,31,chilli,vegetative,1,3
63,27,27,carrot,vegetative,0,0
30,31,89,chilli,vegetative,1,14
87,37,74,chilli,flowering,0,0
20,28,87,chilli,fruiting,1,17
79,30,72,carrot,germination,0,0
43,22,26,carrot,flowering,1,14
74,25,28,carrot,vegetative,0,0
78,40,39,carrot,vegetative,0,0
10,31,70,carrot,germination,1,24
75,37,35,carrot,vegetative,0,0
34,39,59,chilli,germination,1,12
28,32,58,carrot,fruiting,1,14
38,25,51,chilli,germination,1,15
74,31,64,carrot,fruiting,0,0
10,36,78,carrot,fruiting,1,30
30,22,67,carrot,germination,1,11
24,34,86,carrot,flowering,1,23
6,35,42,chilli,fruiting,1,17
22,31,75,chilli,germination,1,19
37,21,86,carrot,vegetative,1,11
63,35,41,carrot,germination,0,0
64,36,42,carrot,vegetative,0,0
21,33,79,carrot,vegetative,1,15
35,28,27,carrot,fruiting,1,11
8,36,36,carrot,fruiting,1,21
40,27,25,carrot,flowering,1,11
82,25,90,chilli,vegetative,0,0
38,31,72,chilli,germination,1,15
86,29,54,carrot,germination,0,0
34,26,58,carrot,fruiting,1,10
40,37,52,carrot,vegetative,1,18
41,33,42,carrot,vegetative,1,13
44,31,87,carrot,vegetative,1,8
45,21,88,chilli,germination,0,0
60,40,64,chilli,fruiting,0,0
18,32,59,chilli,germination,1,21
11,20,20,chilli,germination,1,17
21,29,83,chilli,fruiting,1,20
31,22,89,chilli,vegetative,1,14
48,20,46,carrot,fruiting,1,3
51,31,57,carrot,germination,1,4
13,36,83,chilli,germination,1,22
71,27,44,chilli,flowering,0,0
8,26,28,chilli,flowering,1,22
84,32,34,chilli,germination,0,0
60,37,79,chilli,germination,0,0
32,30,70,chilli,flowering,1,13
50,25,57,carrot,fruiting,0,0
49,38,24,chilli,fruiting,1,13
29,31,63,carrot,fruiting,1,9
54,38,56,carrot,germination,0,0
12,23,49,carrot,vegetative,1,15
56,33,32,chilli,germination,1,3
50,34,77,carrot,germination,1,3
74,28,62,chilli,fruiting,0,0
10,33,45,chilli,fruiting,1,16
75,32,81,carrot,fruiting,0,0
26,32,84,chilli,germination,1,10
65,30,71,carrot,vegetative,0,0
72,25,87,carrot,fruiting,0,0
22,24,84,chilli,fruiting,1,22
8,27,34,chilli,vegetative,1,16
78,27,73,chilli,germination,0,0
64,20,59,chilli,vegetative,0,0
58,37,32,carrot,germination,0,0
51,35,72,carrot,germination,0,0
31,24,74,carrot,vegetative,1,9
81,33,47,carrot,vegetative,0,0
53,37,84,chilli,vegetative,1,8
39,25,86,chilli,flowering,1,9
78,36,74,chilli,vegetative,0,0
11,27,64,chilli,germination,1,16
8,23,25,carrot,flowering,1,18
14,31,61,chilli,flowering,1,21
49,32,31,carrot,vegetative,0,0
87,29,32,carrot,fruiting,0,0
70,40,23,chilli,fruiting,0,0
88,40,70,carrot,flowering,0,0
40,26,65,chilli,fruiting,1,14
58,30,70,chilli,germination,0,0
68,29,90,chilli,flowering,0,0
21,28,34,carrot,vegetative,1,15
6,25,36,chilli,germination,1,16
67,20,81,carrot,fruiting,0,0
39,32,89,chilli,fruiting,1,11
72,38,66,chilli,vegetative,0,0
5,31,41,chilli,germination,1,24
65,22,38,chilli,flowering,0,0
46,26,48,chilli,fruiting,1,4
55,28,83,chilli,fruiting,1,3
71,39,58,chilli,germination,0,0
42,24,42,carrot,vegetative,1,11
9,23,63,chilli,germination,1,15
88,20,86,chilli,flowering,0,0
71,21,56,carrot,germination,0,0
45,21,87,carrot,vegetative,1,8
25,34,40,chilli,vegetative,1,13
43,20,36,chilli,flowering,1,9
87,38,24,chilli,germination,0,0
56,25,29,chilli,germination,0,0
66,29,87,carrot,fruiting,0,0
41,36,27,chilli,vegetative,1,12
12,32,40,carrot,flowering,1,23
19,31,28,chilli,flowering,1,22
55,24,64,chilli,vegetative,1,5
59,25,40,carrot,flowering,0,0
10,40,36,carrot,fruiting,1,20
17,21,23,carrot,germination,1,23
39,40,26,chilli,germination,1,12
48,29,58,carrot,flowering,0,0
89,32,49,chilli,flowering,0,0
30,20,78,carrot,flowering,1,8
73,30,88,carrot,fruiting,0,0
84,31,67,chilli,fruiting,0,0
35,36,66,chilli,germination,1,16
85,34,73,chilli,fruiting,0,0
27,23,47,carrot,vegetative,1,10
85,30,79,carrot,germination,0,0
40,27,74,chilli,vegetative,1,9
83,31,43,chilli,fruiting,0,0
45,26,47,carrot,vegetative,1,8
50,39,35,carrot,flowering,0,0
54,24,56,chilli,fruiting,0,0
44,24,69,chilli,fruiting,1,14
72,21,46,chilli,fruiting,0,0
83,31,79,carrot,fruiting,0,0
43,26,43,carrot,fruiting,1,14
62,40,70,carrot,flowering,0,0
40,28,52,chilli,germination,1,12
52,31,62,carrot,fruiting,1,6
60,21,35,carrot,flowering,0,0
23,40,23,chilli,germination,1,27
19,23,47,chilli,germination,1,19
83,35,48,chilli,vegetative,0,0
80,30,24,carrot,vegetative,0,0
69,40,25,carrot,flowering,0,0
11,40,72,carrot,flowering,1,22
53,25,45,carrot,flowering,0,0
22,25,73,carrot,vegetative,1,24
46,37,28,chilli,germination,0,0
32,35,55,carrot,flowering,1,12
44,29,28,carrot,fruiting,1,11
65,21,88,chilli,flowering,0,0
7,37,53,carrot,fruiting,1,28
51,40,53,chilli,fruiting,0,0
82,33,58,carrot,germination,0,0
79,33,83,chilli,fruiting,0,0
76,22,22,carrot,fruiting,0,0
38,20,74,chilli,vegetative,1,11
84,33,22,carrot,fruiting,0,0
68,32,36,chilli,vegetative,0,0
65,28,87,chilli,fruiting,0,0
79,31,48,chilli,vegetative,0,0
77,22,38,chilli,vegetative,0,0
72,26,63,chilli,vegetative,0,0
31,32,30,chilli,germination,1,8
46,36,53,carrot,flowering,1,5
73,26,73,chilli,germination,0,0
15,30,87,chilli,vegetative,1,20
67,23,87,chilli,flowering,0,0
67,23,78,carrot,flowering,0,0
34,28,40,chilli,vegetative,1,14
76,29,55,chilli,germination,0,0
23,24,71,carrot,fruiting,1,21
70,35,59,chilli,flowering,0,0
11,21,39,chilli,germination,1,24
60,22,52,carrot,fruiting,0,0
56,23,67,chilli,flowering,1,6
59,38,77,carrot,vegetative,1,9
55,33,51,carrot,germination,1,8
41,40,51,chilli,flowering,1,16
78,37,30,carrot,flowering,0,0
59,37,82,chilli,germination,0,0
44,32,76,carrot,germination,1,12
73,36,41,carrot,vegetative,0,0
87,30,64,carrot,flowering,0,0
16,29,71,carrot,vegetative,1,16
50,30,56,carrot,germination,0,0
76,33,51,carrot,flowering,0,0
75,36,53,carrot,fruiting,0,0
66,40,34,carrot,germination,0,0
74,27,89,carrot,flowering,0,0
19,31,30,chilli,flowering,1,21
11,39,73,chilli,flowering,1,20
10,21,39,carrot,fruiting,1,21
44,40,28,carrot,vegetative,1,13
28,28,52,carrot,germination,1,9
35,28,78,carrot,vegetative,1,12
9,39,27,carrot,vegetative,1,22
47,30,51,carrot,flowering,1,6
22,27,58,carrot,germination,1,22
63,26,67,carrot,germination,0,0
42,32,71,chilli,fruiting,1,15
27,30,68,carrot,fruiting,1,8
85,37,40,carrot,fruiting,0,0
22,20,47,chilli,flowering,1,17
25,22,58,carrot,germination,1,12
42,35,77,carrot,germination,1,9
34,21,22,carrot,fruiting,1,15
30,27,20,chilli,flowering,1,11
82,37,46,chilli,germination,0,0
26,25,77,carrot,germination,1,10
13,31,46,chilli,flowering,1,17
87,20,38,chilli,flowering,0,0
69,36,37,carrot,fruiting,0,0
58,20,39,carrot,germination,0,0
76,20,58,carrot,fruiting,0,0
25,20,42,chilli,vegetative,1,8
27,24,21,carrot,germination,1,8
33,22,23,carrot,vegetative,1,9
38,36,48,chilli,fruiting,1,17
70,26,55,carrot,germination,0,0
88,22,35,carrot,fruiting,0,0
69,25,75,chilli,germination,0,0
80,34,49,carrot,flowering,0,0
55,40,32,carrot,fruiting,1,9
11,29,83,carrot,germination,1,18
80,21,36,carrot,vegetative,0,0
29,30,64,carrot,fruiting,1,15
90,40,38,carrot,fruiting,0,0
22,24,55,chilli,flowering,1,19
43,33,88,carrot,germination,1,11
45,24,24,carrot,fruiting,1,8
41,22,30,carrot,vegetative,1,14
18,36,22,carrot,germination,1,20
28,32,80,carrot,fruiting,1,10
63,34,32,chilli,vegetative,0,0
39,28,21,chilli,vegetative,1,12
72,31,48,chilli,germination,0,0
71,24,25,carrot,germination,0,0
46,30,64,carrot,flowering,1,4
84,28,72,carrot,flowering,0,0
78,30,83,chilli,flowering,0,0
66,35,33,chilli,fruiting,0,0
28,28,71,chilli,germination,1,8
43,35,56,chilli,vegetative,1,9
80,33,74,carrot,vegetative,0,0
80,24,36,carrot,vegetative,0,0
73,40,23,carrot,flowering,0,0
41,34,58,chilli,vegetative,1,13
28,31,65,chilli,germination,1,10
50,34,20,carrot,flowering,0,0
45,32,60,chilli,germination,1,8
17,35,59,carrot,fruiting,1,21
20,39,78,chilli,germination,1,20
53,34,46,chilli,vegetative,1,6
10,25,82,carrot,vegetative,1,22
39,30,60,chilli,fruiting,1,9
21,33,57,chilli,fruiting,1,24
56,35,53,chilli,flowering,1,4
77,22,64,chilli,vegetative,0,0
59,39,69,carrot,flowering,1,13
5,32,74,carrot,fruiting,1,19
20,29,53,chilli,vegetative,1,23
54,26,73,chilli,germination,0,0
57,29,64,chilli,fruiting,1,5
90,34,85,carrot,fruiting,0,0
15,35,75,chilli,flowering,1,17
89,31,36,chilli,flowering,0,0
29,36,41,carrot,fruiting,1,18
50,27,79,chilli,fruiting,1,5
36,27,90,carrot,fruiting,1,9
24,30,21,carrot,flowering,1,22
38,22,76,carrot,fruiting,1,10
61,20,52,carrot,vegetative,0,0
51,22,28,chilli,fruiting,1,6
29,39,50,carrot,fruiting,1,17
31,36,75,chilli,germination,1,15
72,35,89,carrot,vegetative,0,0
28,24,50,carrot,flowering,1,8
34,33,46,chilli,germination,1,8
9,20,79,carrot,flowering,1,21
27,29,70,carrot,fruiting,1,15
45,24,65,chilli,germination,1,7
8,21,68,chilli,flowering,1,17
5,39,44,chilli,flowering,1,18
18,32,27,carrot,germination,1,22
70,28,28,chilli,germination,0,0
34,32,82,chilli,flowering,1,14
34,25,43,chilli,germination,1,13
53,20,34,chilli,flowering,1,3
39,33,71,chilli,vegetative,1,11
32,31,69,carrot,vegetative,1,12
63,36,20,carrot,germination,0,0
72,20,60,chilli,vegetative,0,0
74,20,76,chilli,flowering,0,0
39,35,56,chilli,fruiting,1,10
69,33,43,carrot,germination,0,0
34,23,31,carrot,vegetative,1,14
80,23,28,chilli,vegetative,0,0
89,39,47,carrot,fruiting,0,0
61,25,86,carrot,germination,0,0
34,38,39,chilli,germination,1,15
60,31,36,carrot,germination,0,0
17,39,54,carrot,fruiting,1,18
58,22,87,carrot,fruiting,1,6
40,28,38,chilli,fruiting,1,13
88,36,46,carrot,flowering,0,0
68,20,63,carrot,germination,0,0
51,35,70,chilli,germination,0,0
71,28,46,chilli,fruiting,0,0
59,23,63,chilli,vegetative,0,0
52,24,50,chilli,germination,1,6
28,39,20,chilli,germination,1,15
73,35,28,chilli,flowering,0,0
45,39,77,carrot,germination,1,9
13,24,25,carrot,fruiting,1,19
89,35,88,carrot,germination,0,0
13,39,24,chilli,germination,1,21
20,25,36,chilli,flowering,1,23
47,25,40,carrot,flowering,1,3
27,27,65,chilli,fruiting,1,13
84,29,26,carrot,flowering,0,0
78,21,63,chilli,germination,0,0
7,38,75,chilli,fruiting,1,26
26,22,43,chilli,germination,1,9
27,24,53,chilli,flowering,1,10
35,34,20,chilli,vegetative,1,14
33,28,35,chilli,germination,1,11
59,36,80,chilli,fruiting,0,0
89,37,62,chilli,germination,0,0
75,20,50,carrot,flowering,0,0
73,37,51,carrot,fruiting,0,0
72,35,90,chilli,fruiting,0,0
51,28,28,chilli,germination,1,4
11,37,51,chilli,fruiting,1,23
74,21,48,chilli,flowering,0,0
78,28,59,carrot,germination,0,0
38,23,51,carrot,vegetative,1,12
43,23,60,carrot,fruiting,1,14
29,30,30,carrot,vegetative,1,10
50,21,87,carrot,fruiting,1,6
87,31,45,chilli,vegetative,0,0
53,26,38,carrot,vegetative,1,3
22,38,56,chilli,flowering,1,23
57,37,62,chilli,germination,0,0
15,28,42,carrot,flowering,1,23
60,38,90,carrot,flowering,0,0
79,32,83,carrot,vegetative,0,0
68,24,58,chilli,flowering,0,0
52,29,78,chilli,vegetative,1,7
37,26,27,carrot,vegetative,1,8
51,36,85,carrot,germination,1,12
49,36,20,carrot,vegetative,1,11
64,22,34,carrot,fruiting,0,0
84,22,44,carrot,flowering,0,0
20,38,61,carrot,flowering,1,24
6,29,51,chilli,flowering,1,19
28,23,76,chilli,flowering,1,9
55,22,75,chilli,germination,1,4
15,24,53,chilli,flowering,1,18
55,37,70,carrot,fruiting,1,11
58,30,44,chilli,flowering,1,6
52,27,43,chilli,germination,0,0
49,40,86,chilli,germination,0,0
12,40,62,carrot,germination,1,24
6,21,46,chilli,flowering,1,23
5,32,85,chilli,germination,1,23
5,23,85,chilli,vegetative,1,25
34,26,40,chilli,fruiting,1,8
58,24,29,chilli,fruiting,0,0
40,25,33,carrot,vegetative,1,12
31,30,42,chilli,vegetative,1,10
56,32,52,chilli,vegetative,0,0
32,38,40,carrot,germination,1,15
75,26,59,chilli,flowering,0,0
9,21,84,chilli,flowering,1,16
79,35,53,carrot,flowering,0,0
23,33,83,carrot,vegetative,1,24
65,32,23,carrot,flowering,0,0
63,34,78,chilli,germination,0,0
86,20,38,chilli,germination,0,0
8,27,20,carrot,fruiting,1,19
23,28,70,chilli,vegetative,1,22
11,21,83,carrot,fruiting,1,19
73,36,83,chilli,vegetative,0,0
65,34,83,chilli,fruiting,0,0
41,24,55,chilli,germination,1,11
73,21,56,carrot,fruiting,0,0
60,20,27,carrot,fruiting,0,0
87,31,60,carrot,flowering,0,0
46,37,65,chilli,fruiting,0,0
69,28,83,carrot,germination,0,0
44,37,89,chilli,fruiting,1,18
23,40,53,chilli,vegetative,1,28
51,31,68,chilli,flowering,1,5
17,28,31,chilli,germination,1,19
9,39,38,chilli,fruiting,1,20
46,37,72,chilli,fruiting,1,10
63,25,33,chilli,flowering,0,0
39,40,42,carrot,vegetative,1,17
72,37,54,carrot,fruiting,0,0
89,31,86,carrot,flowering,0,0
28,20,34,chilli,vegetative,1,8
31,23,30,chilli,vegetative,1,15
59,25,84,chilli,fruiting,1,4
84,39,43,chilli,flowering,0,0
16,24,80,carrot,germination,1,17
71,38,41,chilli,fruiting,0,0
23,40,35,carrot,flowering,1,18
58,36,67,chilli,germination,0,0
72,35,40,chilli,flowering,0,0
87,34,67,carrot,fruiting,0,0
66,26,69,chilli,germination,0,0
81,40,84,chilli,flowering,0,0
82,23,37,chilli,fruiting,0,0
38,20,89,carrot,fruiting,1,15
51,32,38,chilli,vegetative,0,0
39,35,69,carrot,fruiting,1,9
69,20,66,chilli,fruiting,0,0
44,28,48,carrot,germination,1,14
78,20,56,chilli,flowering,0,0
48,21,38,carrot,fruiting,0,0
8,30,54,carrot,vegetative,1,22
11,21,53,carrot,fruiting,1,22
33,32,36,chilli,fruiting,1,12
28,21,72,chilli,fruiting,1,8
68,20,27,carrot,flowering,0,0
46,24,58,carrot,fruiting,0,0
62,26,87,chilli,vegetative,0,0
62,22,60,chilli,fruiting,0,0
10,22,90,carrot,flowering,1,22
84,39,49,chilli,vegetative,0,0
15,28,23,carrot,flowering,1,24
32,33,42,chilli,germination,1,12
80,23,85,carrot,germination,0,0
25,37,23,chilli,vegetative,1,13
61,24,69,chilli,fruiting,0,0
81,25,87,chilli,vegetative,0,0
57,24,65,chilli,flowering,0,0
57,39,52,chilli,germination,0,0
39,20,43,chilli,vegetative,1,9
77,21,29,chilli,germination,0,0
60,32,81,carrot,germination,0,0
40,39,64,chilli,vegetative,1,12
79,24,82,chilli,fruiting,0,0
35,39,35,chilli,fruiting,1,17
28,24,48,chilli,vegetative,1,11
13,20,34,chilli,germination,1,16
36,31,21,chilli,fruiting,1,9
34,35,74,carrot,vegetative,1,9
6,40,28,chilli,vegetative,1,18
54,32,76,carrot,fruiting,1,3
18,36,73,carrot,flowering,1,19
29,35,76,chilli,fruiting,1,14
16,27,52,chilli,fruiting,1,25
52,37,38,chilli,fruiting,0,0
85,29,47,carrot,fruiting,0,0
78,39,49,chilli,vegetative,0,0
10,37,79,chilli,flowering,1,27
21,29,34,chilli,fruiting,1,25
83,21,34,carrot,germination,0,0
28,37,48,chilli,fruiting,1,18
47,36,73,carrot,germination,1,8
66,25,21,chilli,fruiting,0,0
83,38,63,carrot,flowering,0,0
7,23,71,chilli,vegetative,1,18
12,38,79,chilli,fruiting,1,20
86,32,55,chilli,fruiting,0,0
80,31,30,chilli,germination,0,0
77,37,27,chilli,germination,0,0
38,29,39,carrot,fruiting,1,12
31,29,64,carrot,vegetative,1,10
52,36,62,carrot,germination,0,0
34,33,75,chilli,flowering,1,8
30,36,27,carrot,fruiting,1,15
60,37,77,carrot,flowering,0,0
38,39,52,carrot,fruiting,1,15
50,40,54,chilli,flowering,1,10
84,29,38,chilli,fruiting,0,0
24,34,57,chilli,vegetative,1,18
84,24,47,chilli,flowering,0,0
55,30,58,chilli,fruiting,0,0
59,21,77,chilli,germination,1,4
41,36,23,carrot,flowering,1,13
9,36,65,chilli,vegetative,1,23
70,25,69,chilli,fruiting,0,0
82,26,59,carrot,fruiting,0,0
31,27,68,carrot,vegetative,1,9
68,38,64,carrot,flowering,0,0
39,31,24,chilli,flowering,1,11
11,40,56,chilli,flowering,1,20
8,23,90,carrot,germination,1,24
18,24,63,carrot,germination,1,24
64,30,34,chilli,vegetative,0,0
49,25,29,carrot,flowering,0,0
16,20,39,chilli,vegetative,1,22
43,32,59,carrot,flowering,1,9
48,20,69,carrot,flowering,1,8
60,21,44,carrot,flowering,0,0
83,21,81,chilli,germination,0,0
43,39,65,carrot,fruiting,1,16
35,36,30,chilli,vegetative,1,19
12,36,79,carrot,fruiting,1,26
82,25,38,carrot,fruiting,0,0
67,39,47,chilli,fruiting,0,0
79,36,84,chilli,flowering,0,0
13,38,86,chilli,germination,1,19
42,28,63,carrot,vegetative,1,10
16,37,39,chilli,vegetative,1,21
19,38,51,carrot,vegetative,1,30
5,40,84,carrot,germination,1,27
87,33,34,carrot,flowering,0,0
61,28,88,carrot,vegetative,0,0
26,36,82,carrot,vegetative,1,10
15,21,68,chilli,flowering,1,24
43,32,90,carrot,vegetative,1,14
39,38,55,chilli,germination,1,14
35,32,39,chilli,germination,1,14
66,35,45,carrot,fruiting,0,0
24,32,32,chilli,vegetative,1,15
12,27,69,carrot,vegetative,1,17
39,33,88,carrot,flowering,1,14
27,28,46,carrot,germination,1,10
30,29,20,carrot,fruiting,1,13
19,22,52,chilli,germination,1,19
8,32,27,carrot,fruiting,1,23
76,37,39,carrot,flowering,0,0
87,39,44,chilli,germination,0,0
79,33,63,carrot,flowering,0,0
39,38,37,carrot,germination,1,10
70,30,37,carrot,germination,0,0
16,33,46,chilli,flowering,1,17
21,20,24,chilli,flowering,1,21
58,24,25,chilli,fruiting,0,0
52,21,26,chilli,germination,1,8
57,29,45,carrot,vegetative,1,8
45,38,23,chilli,fruiting,1,11
70,31,35,carrot,fruiting,0,0
23,31,66,carrot,fruiting,1,25
83,24,55,carrot,vegetative,0,0
44,35,49,chilli,flowering,1,14
40,40,28,chilli,fruiting,1,13
25,32,27,carrot,fruiting,1,9
34,31,58,chilli,vegetative,1,11
38,25,24,chilli,vegetative,1,14
56,24,67,carrot,germination,1,8
18,23,84,chilli,fruiting,1,25
56,35,57,chilli,germination,0,0
47,32,57,carrot,vegetative,1,6
7,21,28,chilli,vegetative,1,21
18,40,64,carrot,germination,1,23
57,24,46,carrot,vegetative,0,0
79,30,33,chilli,fruiting,0,0
61,20,78,carrot,flowering,0,0
15,27,80,chilli,fruiting,1,15
82,34,35,chilli,germination,0,0
40,23,73,chilli,vegetative,1,14
59,32,55,carrot,flowering,1,5
82,30,90,chilli,vegetative,0,0
38,39,36,chilli,flowering,1,16
54,36,89,carrot,flowering,1,11
54,24,79,carrot,vegetative,0,0
67,21,63,chilli,flowering,0,0
20,30,53,chilli,germination,1,21
32,27,76,chilli,fruiting,1,8
24,25,85,carrot,vegetative,1,18
87,39,51,carrot,vegetative,0,0
42,27,52,chilli,germination,1,12
23,26,62,chilli,fruiting,1,24
73,29,77,carrot,flowering,0,0
73,25,71,chilli,fruiting,0,0
41,30,37,chilli,flowering,1,14
20,30,47,carrot,vegetative,1,22
65,27,54,chilli,flowering,0,0
63,22,43,carrot,flowering,0,0
88,25,82,carrot,flowering,0,0
17,28,82,carrot,vegetative,1,16
25,26,66,chilli,germination,1,14
12,25,75,chilli,fruiting,1,19
74,32,55,chilli,flowering,0,0
6,33,20,chilli,vegetative,1,25
44,23,55,carrot,germination,1,13
76,37,62,carrot,flowering,0,0
79,22,58,chilli,flowering,0,0
55,37,45,carrot,germination,1,6
85,35,33,chilli,vegetative,0,0
6,35,79,carrot,vegetative,1,20
68,30,35,chilli,flowering,0,0
88,20,56,carrot,germination,0,0
22,35,54,chilli,germination,1,25
6,30,39,chilli,germination,1,19
66,21,48,chilli,germination,0,0
37,28,75,carrot,fruiting,1,9
33,22,25,carrot,flowering,1,11
89,34,65,carrot,fruiting,0,0
83,29,90,chilli,vegetative,0,0
66,38,37,chilli,flowering,0,0
11,36,49,chilli,flowering,1,29
53,31,45,chilli,fruiting,0,0
85,27,83,chilli,flowering,0,0
76,39,47,chilli,fruiting,0,0
30,35,31,chilli,germination,1,11
8,38,43,chilli,fruiting,1,21
79,28,52,carrot,flowering,0,0
33,22,25,carrot,fruiting,1,13
51,23,46,carrot,flowering,1,8
63,31,62,carrot,vegetative,0,0
41,29,33,chilli,vegetative,1,13
34,34,25,chilli,fruiting,1,9
79,36,24,chilli,germination,0,0
59,30,88,carrot,flowering,0,0
82,28,71,chilli,flowering,0,0
59,31,31,chilli,fruiting,0,0
89,35,59,chilli,flowering,0,0
20,21,36,chilli,germination,1,19
88,39,90,carrot,fruiting,0,0
58,29,83,carrot,vegetative,0,0
24,27,41,chilli,germination,1,18
76,20,38,chilli,flowering,0,0
55,22,34,carrot,germination,1,7
26,20,22,chilli,germination,1,13
51,28,45,chilli,germination,1,8
33,40,84,carrot,germination,1,18
46,26,78,chilli,germination,0,0
47,36,75,carrot,flowering,0,0
45,40,72,chilli,vegetative,0,0
90,29,45,carrot,flowering,0,0
77,20,74,carrot,vegetative,0,0
22,24,47,carrot,germination,1,18
59,37,89,chilli,flowering,0,0
61,36,45,chilli,vegetative,0,0
90,24,29,chilli,fruiting,0,0
70,23,23,carrot,fruiting,0,0
80,21,28,chilli,flowering,0,0
65,39,72,chilli,fruiting,0,0
82,36,37,chilli,fruiting,0,0
25,26,56,carrot,germination,1,12
11,28,45,carrot,flowering,1,20
26,25,86,carrot,fruiting,1,13
74,20,86,chilli,germination,0,0
42,26,25,carrot,fruiting,1,8
84,37,27,chilli,fruiting,0,0
87,39,35,chilli,flowering,0,0
49,24,50,carrot,germination,0,0
16,24,70,chilli,germination,1,20
14,34,61,chilli,germination,1,18
29,33,42,carrot,flowering,1,8
79,34,53,chilli,flowering,0,0
45,34,52,chilli,flowering,1,7
63,20,31,carrot,flowering,0,0
19,23,50,chilli,germination,1,18
67,38,70,chilli,flowering,0,0
65,35,60,chilli,fruiting,0,0
75,20,51,chilli,fruiting,0,0
55,34,81,carrot,flowering,0,0
57,21,52,carrot,germination,0,0
38,29,83,chilli,fruiting,1,9
74,26,80,chilli,flowering,0,0
54,29,65,carrot,fruiting,1,3
54,38,79,carrot,fruiting,0,0
17,34,42,chilli,flowering,1,23
25,21,21,carrot,fruiting,1,12
51,25,22,carrot,fruiting,0,0
46,38,78,chilli,vegetative,1,7
48,36,78,carrot,vegetative,1,9
89,34,86,chilli,flowering,0,0
47,27,29,chilli,vegetative,1,6
62,40,82,carrot,fruiting,0,0
64,26,80,carrot,germination,0,0
81,26,89,chilli,germination,0,0
79,34,73,chilli,flowering,0,0
12,26,77,chilli,vegetative,1,16
66,38,32,carrot,flowering,0,0
57,30,24,carrot,vegetative,1,3
47,33,68,carrot,flowering,1,8
37,23,59,carrot,fruiting,1,15
14,24,67,chilli,germination,1,24
77,22,59,carrot,germination,0,0
87,35,67,carrot,vegetative,0,0
60,33,69,carrot,flowering,0,0
8,31,71,carrot,germination,1,18
13,32,37,chilli,germination,1,22
62,31,61,chilli,vegetative,0,0
89,28,42,carrot,fruiting,0,0
72,31,64,chilli,flowering,0,0
40,40,66,carrot,flowering,1,10
16,29,53,carrot,flowering,1,15
29,22,56,chilli,fruiting,1,12
57,26,37,chilli,germination,0,0
8,23,77,chilli,flowering,1,25
67,22,59,chilli,fruiting,0,0
74,39,28,carrot,fruiting,0,0
32,23,68,chilli,flowering,1,13
70,23,62,chilli,fruiting,0,0
42,25,21,chilli,germination,1,9
32,28,77,chilli,vegetative,1,9
67,37,78,carrot,germination,0,0
72,31,42,carrot,flowering,0,0
34,31,52,carrot,flowering,1,14
36,26,85,chilli,germination,1,9
30,29,47,carrot,flowering,1,12
73,39,81,carrot,germination,0,0
89,37,37,chilli,germination,0,0
33,26,71,chilli,vegetative,1,15
40,36,45,carrot,fruiting,1,14
73,22,43,chilli,germination,0,0
66,35,37,chilli,germination,0,0
72,31,29,carrot,vegetative,0,0
70,21,66,chilli,vegetative,0,0
30,21,37,carrot,germination,1,12
77,40,77,carrot,flowering,0,0
74,33,42,chilli,flowering,0,0
55,27,75,carrot,germination,0,0
68,35,80,chilli,germination,0,0
32,22,38,chilli,germination,1,8
88,20,20,chilli,flowering,0,0
36,33,36,chilli,flowering,1,15
21,29,36,carrot,flowering,1,16
48,26,75,chilli,germination,1,5
39,30,73,carrot,vegetative,1,11
69,39,62,carrot,flowering,0,0
68,29,47,chilli,vegetative,0,0
19,25,61,carrot,germination,1,17
79,35,86,carrot,fruiting,0,0
76,36,56,chilli,fruiting,0,0
8,25,48,chilli,fruiting,1,25
29,25,54,carrot,fruiting,1,10
22,38,79,chilli,germination,1,26
30,29,70,carrot,vegetative,1,10
54,37,46,carrot,germination,1,5
58,21,47,chilli,germination,1,5
26,24,25,chilli,vegetative,1,15
13,23,46,chilli,flowering,1,22
33,29,39,chilli,vegetative,1,8
50,36,64,chilli,flowering,0,0
51,32,55,chilli,fruiting,1,5
52,27,76,carrot,vegetative,0,0
75,33,69,chilli,flowering,0,0
23,36,25,carrot,germination,1,27
10,34,63,chilli,germination,1,23
75,22,31,chilli,fruiting,0,0
87,36,50,chilli,vegetative,0,0
17,23,49,carrot,flowering,1,24
24,29,54,chilli,flowering,1,18
51,39,25,carrot,flowering,0,0
71,27,73,carrot,fruiting,0,0
85,40,87,carrot,flowering,0,0
16,29,78,carrot,vegetative,1,23
73,21,83,carrot,fruiting,0,0
63,21,70,chilli,germination,0,0
58,32,38,carrot,fruiting,0,0
33,26,73,carrot,germination,1,10
44,33,48,carrot,germination,1,14
53,26,62,chilli,flowering,0,0
25,38,45,chilli,fruiting,1,16
18,35,29,chilli,flowering,1,16
46,38,26,carrot,fruiting,0,0
66,30,30,chilli,vegetative,0,0
69,30,58,chilli,vegetative,0,0
31,36,40,carrot,flowering,1,15
57,30,58,chilli,flowering,1,6
42,20,28,chilli,vegetative,1,8
58,33,41,carrot,fruiting,0,0
16,27,37,chilli,vegetative,1,19
33,30,55,chilli,fruiting,1,11
8,23,37,chilli,germination,1,16
7,40,27,carrot,germination,1,25
87,39,83,carrot,fruiting,0,0
52,21,32,carrot,vegetative,1,3
44,28,44,carrot,germination,1,12
56,31,66,chilli,vegetative,1,8
42,36,86,chilli,germination,1,19
26,40,86,chilli,fruiting,1,16
71,39,56,chilli,vegetative,0,0
31,37,81,chilli,germination,1,12
47,37,49,chilli,germination,1,11
65,34,78,carrot,vegetative,0,0
21,34,73,carrot,vegetative,1,21
28,25,34,carrot,flowering,1,12
80,39,76,carrot,flowering,0,0
78,29,80,carrot,vegetative,0,0
49,27,75,chilli,fruiting,1,8
74,29,33,carrot,germination,0,0
87,29,68,chilli,vegetative,0,0
54,32,66,carrot,germination,1,3
33,29,43,carrot,fruiting,1,13
18,23,67,chilli,germination,1,18
62,21,62,carrot,flowering,0,0
41,24,58,chilli,vegetative,1,11
78,27,47,chilli,flowering,0,0
30,28,71,chilli,germination,1,12
41,27,70,chilli,vegetative,1,13
70,22,26,carrot,vegetative,0,0
31,29,50,chilli,fruiting,1,12
52,27,84,carrot,vegetative,0,0
83,40,56,chilli,flowering,0,0
68,26,35,chilli,fruiting,0,0
64,24,64,carrot,vegetative,0,0
16,25,21,carrot,germination,1,17
41,34,42,chilli,vegetative,1,14
30,26,90,carrot,flowering,1,10
75,24,26,carrot,flowering,0,0
71,33,87,chilli,flowering,0,0
59,35,23,carrot,fruiting,0,0
70,35,83,carrot,flowering,0,0
60,37,83,carrot,vegetative,0,0
25,27,28,chilli,vegetative,1,8
31,26,68,carrot,germination,1,11
16,24,52,carrot,germination,1,25
12,39,53,chilli,germination,1,28
13,23,62,carrot,fruiting,1,18
15,20,61,carrot,fruiting,1,15
42,32,72,carrot,germination,1,10
84,26,29,chilli,germination,0,0
81,31,38,carrot,fruiting,0,0
19,35,52,chilli,vegetative,1,24
66,33,70,chilli,fruiting,0,0
30,20,26,chilli,flowering,1,9
21,25,45,chilli,germination,1,21
88,22,38,carrot,germination,0,0
40,21,67,carrot,flowering,1,13
57,37,39,carrot,germination,1,9
43,40,85,chilli,germination,1,14
27,32,63,chilli,fruiting,1,14
80,23,87,chilli,vegetative,0,0
56,36,90,chilli,vegetative,1,6
45,29,35,carrot,vegetative,0,0
84,38,23,chilli,germination,0,0
25,38,36,carrot,germination,1,16
19,25,78,carrot,fruiting,1,19
63,23,68,chilli,fruiting,0,0
69,31,35,chilli,vegetative,0,0
42,27,74,carrot,flowering,1,12
6,39,23,carrot,flowering,1,18
23,36,72,chilli,vegetative,1,21
62,30,87,carrot,flowering,0,0
70,39,32,chilli,fruiting,0,0
48,38,56,chilli,germination,0,0
52,29,31,chilli,vegetative,1,6
22,26,64,chilli,germination,1,24
85,36,33,chilli,flowering,0,0
20,40,37,carrot,vegetative,1,26
26,28,78,chilli,fruiting,1,13
89,36,31,carrot,vegetative,0,0
73,35,87,chilli,flowering,0,0
43,38,81,carrot,fruiting,1,18
25,28,31,carrot,germination,1,14
90,37,77,carrot,germination,0,0
79,30,32,chilli,vegetative,0,0
59,38,84,chilli,vegetative,1,9
17,22,77,carrot,vegetative,1,18
15,25,55,carrot,germination,1,23
22,36,58,carrot,vegetative,1,17
62,35,83,carrot,vegetative,0,0
84,35,28,chilli,fruiting,0,0
33,29,49,chilli,vegetative,1,9
84,36,85,carrot,flowering,0,0
15,39,43,carrot,flowering,1,25
52,24,28,carrot,fruiting,0,0
66,34,45,carrot,germination,0,0
35,28,27,carrot,fruiting,1,10
34,32,85,chilli,vegetative,1,10
32,31,75,carrot,flowering,1,9
27,20,62,carrot,vegetative,1,8
25,36,52,chilli,fruiting,1,15
81,26,41,carrot,vegetative,0,0
53,38,32,chilli,germination,1,5
75,22,67,chilli,flowering,0,0
22,28,80,chilli,flowering,1,24
12,31,47,carrot,vegetative,1,23
79,34,51,chilli,fruiting,0,0
21,32,84,chilli,vegetative,1,15
24,37,34,carrot,germination,1,22
17,20,64,carrot,fruiting,1,25
21,28,56,carrot,fruiting,1,15
35,20,26,chilli,flowering,1,8
33,38,74,carrot,germination,1,15
7,36,77,carrot,fruiting,1,26
45,30,23,chilli,vegetative,1,6
60,36,38,chilli,germination,0,0
62,27,41,carrot,flowering,0,0
89,21,42,chilli,vegetative,0,0
85,21,66,carrot,germination,0,0
9,26,44,chilli,flowering,1,23
15,25,39,carrot,germination,1,16
62,20,83,carrot,vegetative,0,0
19,40,57,chilli,fruiting,1,24
20,20,67,carrot,fruiting,1,15
78,38,61,carrot,flowering,0,0
54,32,82,chilli,flowering,0,0
59,23,25,carrot,vegetative,0,0
36,30,21,chilli,fruiting,1,8
67,32,50,chilli,vegetative,0,0
48,25,77,carrot,germination,0,0
27,31,42,chilli,germination,1,15
10,22,29,carrot,flowering,1,15
34,35,72,chilli,germination,1,11
26,30,67,carrot,vegetative,1,10
15,24,62,carrot,flowering,1,25
6,21,21,chilli,flowering,1,15
10,37,71,chilli,flowering,1,24
85,22,44,carrot,vegetative,0,0
38,26,52,chilli,fruiting,1,14
34,21,47,chilli,germination,1,12
74,35,53,carrot,flowering,0,0
66,40,24,carrot,vegetative,0,0
30,20,38,carrot,flowering,1,15
60,21,28,chilli,flowering,0,0
45,35,88,carrot,vegetative,0,0
53,29,81,carrot,germination,0,0
78,28,27,chilli,fruiting,0,0
21,21,58,chilli,flowering,1,15
37,36,75,carrot,germination,1,13
57,30,51,carrot,fruiting,0,0
40,39,74,carrot,fruiting,1,12
35,20,66,carrot,flowering,1,11
44,21,34,chilli,germination,1,10
72,40,79,chilli,germination,0,0
70,32,21,carrot,vegetative,0,0
27,31,25,chilli,flowering,1,13
76,34,87,carrot,fruiting,0,0
86,33,68,chilli,germination,0,0
86,35,78,carrot,germination,0,0
53,38,41,carrot,germination,0,0
62,34,53,carrot,vegetative,0,0
51,30,43,carrot,fruiting,0,0
85,37,60,chilli,fruiting,0,0
12,28,25,carrot,vegetative,1,23
76,28,75,chilli,fruiting,0,0
40,33,53,carrot,fruiting,1,13
74,27,25,carrot,fruiting,0,0
50,32,28,chilli,vegetative,0,0
22,27,38,carrot,flowering,1,24
77,31,72,carrot,vegetative,0,0
87,27,85,carrot,germination,0,0
37,26,26,carrot,vegetative,1,11
25,20,52,carrot,vegetative,1,12
52,37,56,carrot,vegetative,1,5
41,26,35,carrot,vegetative,1,13
36,31,42,chilli,germination,1,8
30,27,85,chilli,flowering,1,9
47,38,75,chilli,germination,0,0
60,33,57,carrot,germination,0,0
18,24,32,chilli,vegetative,1,15
9,35,20,chilli,flowering,1,25
60,32,88,chilli,fruiting,0,0
51,25,55,carrot,vegetative,0,0
43,29,80,chilli,flowering,1,13
36,31,26,carrot,flowering,1,14
37,37,80,carrot,fruiting,1,18
54,30,41,carrot,vegetative,1,8
49,29,77,chilli,germination,1,7
19,26,80,chilli,vegetative,1,25
44,34,76,carrot,germination,1,15
44,22,55,carrot,vegetative,1,14
38,26,40,carrot,fruiting,1,14
11,24,51,chilli,vegetative,1,17
23,29,88,chilli,fruiting,1,22
30,30,33,carrot,vegetative,1,15
40,37,37,carrot,vegetative,1,17
66,33,54,chilli,flowering,0,0
56,36,37,chilli,flowering,1,9
59,29,58,chilli,fruiting,0,0
83,31,65,chilli,flowering,0,0
34,32,84,chilli,flowering,1,12
43,24,61,carrot,fruiting,1,15
10,38,31,chilli,vegetative,1,20
67,26,43,carrot,fruiting,0,0
69,32,64,chilli,fruiting,0,0
76,33,30,chilli,fruiting,0,0
88,38,63,carrot,fruiting,0,0
85,31,84,carrot,vegetative,0,0
41,40,78,carrot,vegetative,1,13
77,24,88,chilli,germination,0,0
47,39,62,chilli,vegetative,1,8
84,26,62,chilli,vegetative,0,0
24,24,53,chilli,vegetative,1,20
86,26,53,carrot,flowering,0,0
40,38,22,carrot,flowering,1,15
79,21,78,chilli,germination,0,0
17,22,90,chilli,fruiting,1,15
72,25,40,carrot,fruiting,0,0
83,30,57,chilli,fruiting,0,0
50,25,63,carrot,germination,1,8
77,24,33,carrot,vegetative,0,0
82,24,89,chilli,flowering,0,0
58,33,59,chilli,fruiting,0,0
59,29,48,carrot,vegetative,0,0
20,35,87,chilli,germination,1,23
27,23,68,chilli,fruiting,1,14
77,37,20,carrot,flowering,0,0
89,36,54,carrot,vegetative,0,0
59,29,42,chilli,vegetative,0,0
64,20,36,chilli,fruiting,0,0
26,32,86,chilli,germination,1,12
41,37,27,carrot,flowering,1,16
70,30,39,chilli,germination,0,0
36,29,73,carrot,flowering,1,11
8,34,34,chilli,germination,1,20
40,20,44,carrot,flowering,1,8
63,28,62,chilli,fruiting,0,0
82,31,77,chilli,flowering,0,0
19,30,48,carrot,germination,1,22
86,39,32,carrot,fruiting,0,0
15,33,74,carrot,vegetative,1,17
35,28,21,carrot,flowering,1,15
20,26,61,carrot,fruiting,1,23
33,22,89,chilli,vegetative,1,14
41,23,23,chilli,germination,1,14
64,34,70,carrot,fruiting,0,0
52,38,41,chilli,vegetative,0,0
29,30,69,carrot,germination,1,11
11,38,88,chilli,vegetative,1,22
10,28,85,carrot,flowering,1,18
32,31,45,carrot,germination,1,14
8,40,29,carrot,fruiting,1,27
5,26,82,carrot,flowering,1,16
80,26,89,carrot,vegetative,0,0
54,34,44,carrot,germination,0,0
18,24,68,carrot,fruiting,1,15
52,26,36,chilli,fruiting,1,5
40,34,73,carrot,germination,1,14
83,33,64,carrot,vegetative,0,0
86,20,48,carrot,vegetative,0,0
85,21,68,carrot,flowering,0,0
7,32,84,chilli,vegetative,1,18
81,23,60,chilli,fruiting,0,0
44,33,35,carrot,vegetative,1,12
35,25,27,carrot,vegetative,1,8
61,34,78,chilli,fruiting,0,0
54,36,23,carrot,vegetative,0,0
85,21,63,carrot,flowering,0,0
6,30,26,carrot,germination,1,24
78,27,48,chilli,vegetative,0,0
41,33,46,carrot,flowering,1,13
35,40,48,carrot,germination,1,16
35,38,22,chilli,vegetative,1,11
37,29,79,chilli,flowering,1,13
51,33,32,carrot,germination,1,5
74,23,51,chilli,germination,0,0
26,27,83,chilli,vegetative,1,12
84,40,30,chilli,vegetative,0,0
74,32,45,chilli,germination,0,0
82,37,21,carrot,vegetative,0,0
65,20,29,carrot,fruiting,0,0
5,20,83,carrot,fruiting,1,21
41,27,51,carrot,vegetative,1,13
65,30,38,chilli,fruiting,0,0
80,29,76,chilli,vegetative,0,0
14,33,38,carrot,flowering,1,16
66,36,84,carrot,vegetative,0,0
70,21,21,chilli,flowering,0,0
74,26,49,carrot,vegetative,0,0
30,33,90,chilli,fruiting,1,14
61,28,87,carrot,germination,0,0
84,39,37,chilli,vegetative,0,0
68,31,74,chilli,fruiting,0,0
41,31,74,chilli,flowering,1,8
77,22,37,carrot,germination,0,0
36,36,68,chilli,germination,1,14
63,26,57,carrot,germination,0,0
34,32,65,carrot,fruiting,1,8
12,29,48,chilli,fruiting,1,16
59,23,49,chilli,fruiting,0,0
30,32,57,chilli,germination,1,8
18,25,22,chilli,fruiting,1,18
87,36,69,carrot,germination,0,0
32,22,29,chilli,germination,1,11
52,28,60,carrot,fruiting,0,0
79,37,24,chilli,flowering,0,0
67,33,90,carrot,fruiting,0,0
59,31,29,chilli,germination,0,0
21,38,29,carrot,vegetative,1,29
33,36,25,carrot,vegetative,1,14
68,39,39,carrot,flowering,0,0
23,39,41,chilli,fruiting,1,28
25,34,83,chilli,germination,1,10
28,25,80,carrot,germination,1,12
71,40,67,carrot,germination,0,0
55,40,80,chilli,fruiting,0,0
14,20,26,carrot,germination,1,20
17,33,28,carrot,germination,1,19
7,40,77,chilli,flowering,1,20
37,22,68,carrot,flowering,1,15
9,27,73,carrot,germination,1,15
46,29,76,chilli,germination,1,7
70,33,49,chilli,vegetative,0,0
63,27,66,chilli,fruiting,0,0
89,35,44,carrot,vegetative,0,0
18,31,72,carrot,fruiting,1,25
21,24,75,carrot,fruiting,1,17
35,31,41,chilli,vegetative,1,11
38,34,35,carrot,flowering,1,12
15,28,39,carrot,vegetative,1,16
17,38,40,chilli,flowering,1,18
81,28,41,carrot,vegetative,0,0
72,27,89,chilli,vegetative,0,0
62,40,77,carrot,germination,0,0
85,21,76,carrot,germination,0,0
33,38,57,carrot,flowering,1,18
78,33,64,carrot,vegetative,0,0
6,39,83,carrot,germination,1,24
36,24,39,carrot,germination,1,10
56,20,68,chilli,germination,0,0
59,30,58,carrot,fruiting,0,0
87,36,21,carrot,flowering,0,0
85,31,83,chilli,flowering,0,0
60,30,53,carrot,vegetative,0,0
85,40,58,carrot,fruiting,0,0
43,32,21,carrot,flowering,1,9
89,22,35,chilli,flowering,0,0
16,24,37,chilli,flowering,1,15
7,27,60,chilli,vegetative,1,25
31,20,56,chilli,flowering,1,11
13,34,51,carrot,vegetative,1,16
60,39,37,carrot,germination,0,0
81,26,20,chilli,fruiting,0,0
69,29,68,chilli,fruiting,0,0
41,24,69,chilli,vegetative,1,8
68,26,69,chilli,vegetative,0,0
88,29,56,chilli,fruiting,0,0
19,29,46,carrot,vegetative,1,16
27,26,86,chilli,fruiting,1,9
44,27,45,carrot,germination,1,9
40,25,26,chilli,flowering,1,8
50,28,47,carrot,vegetative,1,5
12,20,40,chilli,flowering,1,15
88,33,88,carrot,fruiting,0,0
5,20,54,chilli,germination,1,16
11,40,53,chilli,fruiting,1,22
51,28,56,chilli,fruiting,1,8
15,21,40,chilli,flowering,1,24
78,20,55,chilli,vegetative,0,0
23,32,79,carrot,fruiting,1,25
29,38,81,chilli,fruiting,1,15
56,36,32,carrot,vegetative,0,0
15,39,42,carrot,germination,1,19
26,27,83,carrot,flowering,1,9
62,26,62,carrot,flowering,0,0
11,35,67,carrot,germination,1,25
58,40,23,carrot,flowering,0,0
79,39,84,chilli,vegetative,0,0
21,30,56,chilli,fruiting,1,21
32,22,90,carrot,vegetative,1,14
89,32,70,chilli,flowering,0,0
12,34,34,chilli,flowering,1,22
16,32,56,carrot,germination,1,20
71,32,60,chilli,fruiting,0,0
26,40,46,chilli,vegetative,1,13
12,40,83,chilli,flowering,1,26
28,27,46,chilli,flowering,1,11
32,39,86,chilli,flowering,1,17
46,33,48,carrot,fruiting,1,3
11,32,59,carrot,flowering,1,19
88,36,56,chilli,germination,0,0
65,26,65,chilli,vegetative,0,0
45,38,48,carrot,flowering,1,9
33,40,52,chilli,germination,1,14
9,26,70,chilli,fruiting,1,23
71,22,63,chilli,vegetative,0,0
61,39,33,carrot,flowering,0,0
76,32,87,chilli,flowering,0,0
76,21,82,chilli,vegetative,0,0
81,34,43,carrot,vegetative,0,0
53,31,37,chilli,germination,1,3
76,32,38,carrot,vegetative,0,0
32,24,32,chilli,vegetative,1,10
31,34,47,carrot,vegetative,1,15
37,35,55,carrot,vegetative,1,14
29,38,28,carrot,vegetative,1,12
66,27,75,chilli,fruiting,0,0
82,31,70,carrot,germination,0,0
71,26,54,carrot,fruiting,0,0
38,33,36,carrot,fruiting,1,8
44,31,74,chilli,fruiting,1,14
31,35,33,chilli,flowering,1,12
56,21,64,carrot,fruiting,1,3
72,34,23,carrot,fruiting,0,0
47,28,52,carrot,vegetative,1,4
18,24,24,carrot,fruiting,1,23
21,37,48,chilli,germination,1,23
61,21,90,chilli,vegetative,0,0
10,39,21,carrot,flowering,1,19
61,32,62,carrot,fruiting,0,0
6,37,43,carrot,flowering,1,17
58,37,65,carrot,flowering,0,0
13,26,84,chilli,fruiting,1,16
25,40,44,carrot,flowering,1,10
45,27,86,carrot,flowering,1,3
19,39,81,carrot,flowering,1,24
39,30,82,chilli,flowering,1,11
78,23,44,carrot,germination,0,0
56,27,55,chilli,vegetative,0,0
48,21,23,carrot,vegetative,0,0
6,34,23,carrot,germination,1,25
77,36,87,chilli,flowering,0,0
38,27,75,chilli,fruiting,1,13
89,26,65,carrot,flowering,0,0
58,26,37,chilli,germination,1,4
23,28,85,chilli,germination,1,25
64,27,51,chilli,vegetative,0,0
90,20,85,carrot,vegetative,0,0
72,39,50,chilli,fruiting,0,0
61,35,50,chilli,fruiting,0,0
90,38,86,chilli,flowering,0,0
11,21,56,chilli,fruiting,1,22
46,34,33,carrot,fruiting,0,0
89,22,65,carrot,flowering,0,0
87,20,54,chilli,fruiting,0,0
66,39,32,carrot,germination,0,0
31,38,26,carrot,vegetative,1,18
60,21,53,carrot,flowering,0,0
7,24,50,chilli,flowering,1,25
11,23,52,chilli,flowering,1,17
17,24,72,carrot,germination,1,21
77,32,70,carrot,vegetative,0,0
49,36,60,carrot,flowering,1,13
11,21,31,chilli,flowering,1,18
58,34,61,carrot,flowering,1,3
82,23,49,chilli,vegetative,0,0
89,29,81,chilli,germination,0,0
63,37,26,carrot,fruiting,0,0
32,24,45,chilli,fruiting,1,9
85,29,45,chilli,vegetative,0,0
84,34,67,carrot,germination,0,0
40,28,72,chilli,germination,1,11
62,28,89,carrot,germination,0,0
14,31,42,carrot,flowering,1,15
46,30,71,carrot,vegetative,0,0
11,35,22,chilli,vegetative,1,15
82,32,29,chilli,fruiting,0,0
76,23,64,carrot,fruiting,0,0
42,36,45,carrot,germination,1,17
29,33,48,chilli,fruiting,1,10
65,36,49,chilli,flowering,0,0
65,26,85,carrot,fruiting,0,0
29,33,31,carrot,fruiting,1,11
63,30,32,carrot,germination,0,0
27,22,69,carrot,vegetative,1,9
52,25,68,chilli,flowering,0,0
82,21,47,carrot,germination,0,0
64,40,30,carrot,fruiting,0,0
5,20,49,chilli,vegetative,1,24
51,30,30,carrot,fruiting,0,0
61,25,48,chilli,germination,0,0
50,20,85,carrot,germination,0,0
67,25,61,chilli,flowering,0,0
66,21,86,carrot,vegetative,0,0
25,35,62,carrot,vegetative,1,15
58,39,65,chilli,vegetative,1,5
78,39,76,chilli,fruiting,0,0
78,38,60,carrot,fruiting,0,0
35,36,48,chilli,fruiting,1,10
70,30,25,carrot,flowering,0,0
89,25,41,carrot,fruiting,0,0
80,20,68,carrot,germination,0,0
79,35,40,chilli,vegetative,0,0
79,38,69,carrot,vegetative,0,0
69,33,22,carrot,vegetative,0,0
79,26,73,chilli,vegetative,0,0
36,29,33,carrot,vegetative,1,10
44,22,51,carrot,flowering,1,13
50,28,20,carrot,germination,1,8
10,40,67,carrot,fruiting,1,27
42,34,41,chilli,vegetative,1,14
43,31,37,carrot,germination,1,12
53,34,22,carrot,germination,0,0
59,22,85,carrot,vegetative,0,0
88,36,34,carrot,flowering,0,0
85,32,36,carrot,fruiting,0,0
56,29,34,chilli,flowering,0,0
7,32,20,chilli,fruiting,1,22
68,25,29,carrot,germination,0,0
24,39,65,chilli,flowering,1,22
85,37,32,carrot,flowering,0,0
43,26,30,chilli,flowering,1,15
26,25,35,carrot,fruiting,1,12
15,28,83,chilli,vegetative,1,21
59,23,28,chilli,flowering,1,7
82,39,39,carrot,germination,0,0
18,23,23,carrot,fruiting,1,21
58,29,36,carrot,fruiting,1,3
36,25,83,carrot,vegetative,1,8
51,28,32,chilli,germination,0,0
21,22,69,carrot,fruiting,1,15
52,35,75,chilli,germination,1,8
16,33,46,chilli,vegetative,1,16
12,26,81,carrot,germination,1,15
50,31,89,chilli,vegetative,1,6
67,37,62,chilli,vegetative,0,0
90,37,46,carrot,germination,0,0
12,28,59,carrot,flowering,1,22
56,24,29,chilli,vegetative,1,3
15,32,79,chilli,germination,1,24
90,30,67,chilli,vegetative,0,0
48,26,42,carrot,germination,0,0
8,29,25,chilli,fruiting,1,19
5,30,38,chilli,flowering,1,25
38,37,58,chilli,flowering,1,18
81,33,63,chilli,fruiting,0,0
32,37,58,carrot,vegetative,1,11
14,40,83,chilli,flowering,1,28
23,27,47,carrot,fruiting,1,19
33,26,46,chilli,fruiting,1,13
19,21,34,carrot,germination,1,16
65,27,50,carrot,flowering,0,0
49,28,62,chilli,flowering,1,8
54,27,89,carrot,germination,1,4
7,35,85,carrot,vegetative,1,18
68,36,57,carrot,flowering,0,0
41,22,54,chilli,fruiting,1,8
85,27,43,carrot,vegetative,0,0
48,36,58,carrot,germination,0,0
28,40,75,chilli,vegetative,1,11
17,40,27,chilli,germination,1,19
15,30,39,chilli,flowering,1,16
62,20,74,carrot,germination,0,0
56,31,86,chilli,germination,0,0
36,25,57,chilli,fruiting,1,15
69,40,31,chilli,fruiting,0,0
81,36,64,carrot,germination,0,0
34,35,90,chilli,flowering,1,13
73,28,40,carrot,vegetative,0,0
54,20,37,carrot,vegetative,0,0
63,35,27,chilli,flowering,0,0
26,22,22,carrot,vegetative,1,14
48,25,69,chilli,germination,1,4
66,38,77,carrot,vegetative,0,0
67,20,40,carrot,flowering,0,0
55,23,63,chilli,germination,1,7
86,23,52,carrot,fruiting,0,0
34,28,47,chilli,germination,1,11
10,23,81,carrot,flowering,1,20
26,40,54,chilli,vegetative,1,11
90,31,50,chilli,flowering,0,0
6,29,55,chilli,flowering,1,24
65,20,22,carrot,flowering,0,0
83,25,37,carrot,germination,0,0
59,31,77,carrot,germination,1,6
62,28,31,chilli,flowering,0,0
58,29,56,chilli,fruiting,0,0
19,36,45,chilli,fruiting,1,27
42,21,28,chilli,germination,1,15
41,38,82,chilli,vegetative,1,18
37,35,36,carrot,flowering,1,11
49,20,62,chilli,germination,0,0
68,23,73,chilli,germination,0,0
71,24,78,chilli,vegetative,0,0
11,27,46,carrot,fruiting,1,16
19,38,88,carrot,fruiting,1,25
5,24,34,carrot,fruiting,1,23
81,24,65,carrot,germination,0,0
39,33,23,carrot,flowering,1,13
28,30,28,chilli,fruiting,1,11
58,26,26,carrot,germination,1,7
83,28,82,carrot,flowering,0,0
61,35,61,carrot,germination,0,0
25,36,39,chilli,flowering,1,15
42,33,89,carrot,flowering,1,14
13,24,54,carrot,vegetative,1,20
48,29,41,chilli,fruiting,0,0
75,31,78,chilli,fruiting,0,0
50,27,31,chilli,vegetative,1,6
33,22,21,carrot,fruiting,1,8
10,26,31,carrot,flowering,1,15
75,20,45,chilli,vegetative,0,0
61,37,63,carrot,germination,0,0
44,32,74,chilli,flowering,1,15
74,33,34,carrot,flowering,0,0
17,22,55,chilli,fruiting,1,24
10,32,85,chilli,vegetative,1,15
86,23,21,carrot,vegetative,0,0
31,31,74,chilli,fruiting,1,9
53,38,30,carrot,vegetative,0,0
48,33,62,carrot,flowering,1,3
28,20,90,chilli,vegetative,1,10
7,25,51,chilli,flowering,1,20
36,24,89,chilli,fruiting,1,14
62,26,30,chilli,vegetative,0,0
5,27,30,carrot,vegetative,1,19
22,40,37,chilli,germination,1,25
66,27,65,chilli,flowering,0,0
19,35,64,chilli,flowering,1,22
90,25,36,chilli,flowering,0,0
21,24,82,carrot,germination,1,17
62,25,35,chilli,germination,0,0
73,20,81,chilli,germination,0,0
70,36,77,chilli,germination,0,0
21,38,57,carrot,flowering,1,21
65,39,48,carrot,germination,0,0
60,26,68,carrot,germination,0,0
25,33,21,chilli,germination,1,13
28,28,73,carrot,flowering,1,14
41,25,84,chilli,flowering,1,9
36,28,62,chilli,vegetative,1,15
29,30,30,chilli,vegetative,1,14
52,38,75,carrot,germination,0,0
52,40,69,chilli,vegetative,0,0
31,28,52,chilli,vegetative,1,13
33,37,64,carrot,fruiting,1,17
21,35,67,chilli,germination,1,18
36,20,63,carrot,vegetative,1,12
60,37,83,chilli,vegetative,0,0
35,24,54,chilli,vegetative,1,9
8,25,71,chilli,vegetative,1,16
56,40,41,chilli,flowering,1,11
33,24,76,carrot,fruiting,1,11
12,35,90,chilli,vegetative,1,17
22,31,53,chilli,flowering,1,19
29,40,57,chilli,fruiting,1,14
69,26,37,chilli,flowering,0,0
34,37,68,chilli,flowering,1,16
5,31,24,chilli,germination,1,22
21,28,86,carrot,germination,1,23
67,39,78,chilli,germination,0,0
89,25,74,carrot,flowering,0,0
69,29,34,carrot,vegetative,0,0
33,34,41,chilli,vegetative,1,12
84,31,67,chilli,vegetative,0,0
46,24,41,carrot,germination,1,5
61,32,54,carrot,fruiting,0,0
66,33,34,carrot,fruiting,0,0
87,29,58,chilli,flowering,0,0
38,26,36,carrot,fruiting,1,13
38,26,30,chilli,flowering,1,9
11,40,44,carrot,fruiting,1,20
89,34,71,chilli,fruiting,0,0
8,40,84,carrot,vegetative,1,26
76,20,71,chilli,flowering,0,0
74,39,39,chilli,vegetative,0,0
84,22,23,carrot,fruiting,0,0
87,27,51,chilli,vegetative,0,0
8,33,52,chilli,fruiting,1,21
5,21,74,carrot,germination,1,16
10,30,65,chilli,fruiting,1,23
69,34,56,chilli,fruiting,0,0
83,21,59,chilli,germination,0,0
81,27,67,chilli,fruiting,0,0
58,35,81,carrot,vegetative,1,7
71,37,41,carrot,fruiting,0,0
41,25,65,chilli,vegetative,1,9
7,20,43,chilli,vegetative,1,15
73,39,67,carrot,flowering,0,0
66,23,84,chilli,germination,0,0
71,39,83,carrot,germination,0,0
11,33,32,chilli,vegetative,1,18
57,37,69,carrot,vegetative,1,10
11,31,39,chilli,fruiting,1,18
10,25,81,chilli,vegetative,1,15
46,31,49,carrot,fruiting,0,0
86,35,76,chilli,germination,0,0
82,24,74,chilli,germination,0,0
54,38,43,chilli,vegetative,1,11
83,39,46,chilli,vegetative,0,0
40,26,58,carrot,germination,1,9
10,38,76,carrot,fruiting,1,25
65,31,31,chilli,fruiting,0,0
14,20,28,carrot,vegetative,1,24
81,40,58,chilli,vegetative,0,0
11,36,33,chilli,vegetative,1,25
30,33,29,carrot,fruiting,1,10
68,28,20,chilli,germination,0,0
52,33,38,chilli,germination,1,4
42,36,53,chilli,vegetative,1,13
60,31,63,carrot,flowering,0,0
34,30,50,chilli,flowering,1,11
71,34,32,carrot,flowering,0,0
71,39,89,chilli,germination,0,0
11,23,53,chilli,flowering,1,15
83,33,39,chilli,fruiting,0,0
76,30,38,chilli,flowering,0,0
41,33,45,chilli,flowering,1,11
88,37,63,chilli,fruiting,0,0
11,35,56,chilli,vegetative,1,19
5,28,39,chilli,fruiting,1,19
34,20,59,carrot,germination,1,8
83,38,58,chilli,vegetative,0,0
59,32,77,chilli,flowering,1,8
19,37,66,carrot,fruiting,1,25
23,23,57,chilli,germination,1,19
51,34,21,chilli,germination,0,0
60,27,45,carrot,flowering,0,0
77,37,47,carrot,fruiting,0,0
16,24,72,chilli,germination,1,18
69,26,83,carrot,flowering,0,0
19,24,45,chilli,germination,1,22
89,22,80,carrot,fruiting,0,0
15,26,30,chilli,fruiting,1,17
26,26,45,chilli,flowering,1,10
36,33,71,chilli,germination,1,8
13,27,73,chilli,germination,1,22
71,27,72,chilli,vegetative,0,0
56,21,81,chilli,flowering,0,0
40,24,67,carrot,germination,1,14
58,25,46,carrot,flowering,0,0
12,34,32,carrot,flowering,1,18
68,39,67,carrot,flowering,0,0
63,32,80,chilli,flowering,0,0
21,20,25,chilli,fruiting,1,18
13,20,21,carrot,flowering,1,22
54,31,24,chilli,vegetative,0,0
29,26,26,carrot,fruiting,1,9
10,31,84,carrot,germination,1,22
33,21,35,chilli,germination,1,11
88,25,37,chilli,germination,0,0
65,38,39,chilli,fruiting,0,0
56,38,40,chilli,flowering,1,7
